-- phpMyAdmin SQL Dump
-- version 4.1.14
-- http://www.phpmyadmin.net
--
-- Host: 127.0.0.1
-- Generation Time: 2016-09-26 11:30:43
-- 服务器版本： 5.6.17
-- PHP Version: 5.5.12

SET SQL_MODE = "NO_AUTO_VALUE_ON_ZERO";
SET time_zone = "+00:00";


/*!40101 SET @OLD_CHARACTER_SET_CLIENT=@@CHARACTER_SET_CLIENT */;
/*!40101 SET @OLD_CHARACTER_SET_RESULTS=@@CHARACTER_SET_RESULTS */;
/*!40101 SET @OLD_COLLATION_CONNECTION=@@COLLATION_CONNECTION */;
/*!40101 SET NAMES utf8 */;

--
-- Database: `weike4`
--

-- --------------------------------------------------------

--
-- 表的结构 `account`
--

DROP TABLE IF EXISTS `account`;
CREATE TABLE IF NOT EXISTS `account` (
  `accID` int(10) unsigned NOT NULL AUTO_INCREMENT,
  `accName` varchar(50) DEFAULT NULL,
  `accCardID` varchar(50) NOT NULL,
  `accBalance` float NOT NULL,
  `UID` int(11) NOT NULL,
  PRIMARY KEY (`accID`)
) ENGINE=InnoDB  DEFAULT CHARSET=utf8 AUTO_INCREMENT=7 ;

--
-- 转存表中的数据 `account`
--

INSERT INTO `account` (`accID`, `accName`, `accCardID`, `accBalance`, `UID`) VALUES
(1, 'admin', '', 0, 1),
(2, 'user1', 'xingxiong.fei@163.com', 22740, 2),
(3, '王淑芳', '781465774@qq.com', 14050, 3),
(4, 'user3', '2864245246@qq.com', 0, 4),
(5, '李四', 'xingxiongfei@sina.com', 5800, 5),
(6, 'feifei', 'aaa@qq.com', 4700, 6);

-- --------------------------------------------------------

--
-- 表的结构 `appeal`
--

DROP TABLE IF EXISTS `appeal`;
CREATE TABLE IF NOT EXISTS `appeal` (
  `appeal_id` int(10) unsigned NOT NULL AUTO_INCREMENT,
  `task_id` int(11) NOT NULL,
  `work_id` int(11) NOT NULL,
  `appeal_time` int(11) NOT NULL,
  `appeal_status` int(11) NOT NULL,
  PRIMARY KEY (`appeal_id`)
) ENGINE=InnoDB DEFAULT CHARSET=utf8 AUTO_INCREMENT=1 ;

-- --------------------------------------------------------

--
-- 表的结构 `favorite`
--

DROP TABLE IF EXISTS `favorite`;
CREATE TABLE IF NOT EXISTS `favorite` (
  `fav_id` int(10) unsigned NOT NULL AUTO_INCREMENT,
  `TaskID` int(11) NOT NULL,
  `UserID` int(11) NOT NULL,
  `fav_time` int(11) NOT NULL,
  PRIMARY KEY (`fav_id`)
) ENGINE=InnoDB DEFAULT CHARSET=utf8 AUTO_INCREMENT=1 ;

-- --------------------------------------------------------

--
-- 表的结构 `message`
--

DROP TABLE IF EXISTS `message`;
CREATE TABLE IF NOT EXISTS `message` (
  `ID` int(10) unsigned NOT NULL AUTO_INCREMENT,
  `SendID` int(11) NOT NULL,
  `AcceptID` int(11) NOT NULL,
  `Message` text NOT NULL,
  `PubTime` int(11) NOT NULL,
  PRIMARY KEY (`ID`)
) ENGINE=InnoDB  DEFAULT CHARSET=utf8 AUTO_INCREMENT=3 ;

--
-- 转存表中的数据 `message`
--

INSERT INTO `message` (`ID`, `SendID`, `AcceptID`, `Message`, `PubTime`) VALUES
(1, 2, 6, '你好，我可以做这个', 1474872218),
(2, 2, 6, '已交稿，请审核', 1474872497);

-- --------------------------------------------------------

--
-- 表的结构 `notice`
--

DROP TABLE IF EXISTS `notice`;
CREATE TABLE IF NOT EXISTS `notice` (
  `noticeID` int(10) unsigned NOT NULL AUTO_INCREMENT,
  `noticeUname` varchar(50) NOT NULL,
  `noticeTitle` varchar(50) NOT NULL,
  `noticeDetail` text NOT NULL,
  `noticeTime` int(11) NOT NULL,
  PRIMARY KEY (`noticeID`)
) ENGINE=InnoDB  DEFAULT CHARSET=utf8 AUTO_INCREMENT=4 ;

--
-- 转存表中的数据 `notice`
--

INSERT INTO `notice` (`noticeID`, `noticeUname`, `noticeTitle`, `noticeDetail`, `noticeTime`) VALUES
(1, 'admin', '共同维护健康网络环境公告', '<p style="border: 0px; margin-top: 10px; margin-bottom: 10px; padding: 0px;"><span style="border: 0px; margin: 0px; padding: 0px; font-size: 14px; color: rgb(51, 51, 51);"><span style="border: 0px; margin: 0px; padding: 0px; color: rgb(229, 51, 51);">本站一直致力于为用户提供健康文明的威客服务与交易环境，拒绝一切违法违规内容的传播！</span><strong style="border: 0px; margin: 0px; padding: 0px;"></strong><span style="border: 0px; margin: 0px; padding: 0px; color: rgb(229, 51, 51);">同时</span><span style="border: 0px; margin: 0px; padding: 0px; color: rgb(229, 51, 51);">积极呼吁大家参与任务时遵守以下7条底线：</span></span></p><p style="border: 0px; margin-top: 10px; margin-bottom: 10px; padding: 0px;"><br/></p><p style="border: 0px; margin-top: 10px; margin-bottom: 10px; padding: 0px;"><br/></p><p style="border: 0px; margin-top: 10px; margin-bottom: 10px; padding: 0px;"><br/></p><p style="border: 0px; margin-top: 10px; margin-bottom: 10px; padding: 0px; font-size: 13.2px; color: rgb(51, 51, 51); font-family: Verdana, Arial, Helvetica, sans-serif; line-height: 26.4px; white-space: normal; widows: 1; background-color: rgb(245, 248, 255);"><br/></p><p style="border: 0px; margin-top: 10px; margin-bottom: 10px; padding: 0px; font-size: 13.2px; color: rgb(51, 51, 51); font-family: Verdana, Arial, Helvetica, sans-serif; line-height: 26.4px; white-space: normal; widows: 1; background-color: rgb(245, 248, 255);"><br/></p><ol style="border: 0px; padding: 0px; font-size: 13.2px; color: rgb(51, 51, 51); font-family: Verdana, Arial, Helvetica, sans-serif; line-height: 26.4px; white-space: normal; widows: 1; background-color: rgb(245, 248, 255);" class=" list-paddingleft-2"><p style="border: 0px; margin-top: 10px; margin-bottom: 10px; padding: 0px; font-size: 13.2px;"><br/></p><p style="border: 0px; margin-top: 10px; margin-bottom: 10px; padding: 0px; font-size: 13.2px;"><br/></p><li><p style="border: 0px; margin-top: 10px; margin-bottom: 10px; padding: 0px; font-size: 13.2px;"><br/></p><p style="border: 0px; margin-top: 10px; margin-bottom: 10px; padding: 0px; font-size: 13.2px;"><strong style="border: 0px; margin: 0px; padding: 0px; font-size: 13.2px;"><span style="border: 0px; margin: 0px; padding: 0px; font-size: 14px;">法律法规底线；</span></strong><span style="border: 0px; margin: 0px; padding: 0px; font-size: 14px;">&nbsp;应该知法、懂法、守法、护法，以事实为依据，以法律为准绳。</span></p><p style="border: 0px; margin-top: 10px; margin-bottom: 10px; padding: 0px; font-size: 13.2px;"><br/></p></li><p style="border: 0px; margin-top: 10px; margin-bottom: 10px; padding: 0px; font-size: 13.2px;"><br/></p><p style="border: 0px; margin-top: 10px; margin-bottom: 10px; padding: 0px; font-size: 13.2px;"><br/></p><li><p style="border: 0px; margin-top: 10px; margin-bottom: 10px; padding: 0px; font-size: 13.2px;"><br/></p><p style="border: 0px; margin-top: 10px; margin-bottom: 10px; padding: 0px; font-size: 13.2px;"><strong style="border: 0px; margin: 0px; padding: 0px; font-size: 13.2px;"><span style="border: 0px; margin: 0px; padding: 0px; font-size: 14px;">社会主义制度底线；</span></strong><span style="border: 0px; margin: 0px; padding: 0px; font-size: 14px;">&nbsp;坚守社会主义制度底线，是让我们的生活有秩序、平稳运行的需求。</span></p><p style="border: 0px; margin-top: 10px; margin-bottom: 10px; padding: 0px; font-size: 13.2px;"><br/></p></li><p style="border: 0px; margin-top: 10px; margin-bottom: 10px; padding: 0px; font-size: 13.2px;"><br/></p><p style="border: 0px; margin-top: 10px; margin-bottom: 10px; padding: 0px; font-size: 13.2px;"><br/></p><li><p style="border: 0px; margin-top: 10px; margin-bottom: 10px; padding: 0px; font-size: 13.2px;"><br/></p><p style="border: 0px; margin-top: 10px; margin-bottom: 10px; padding: 0px; font-size: 13.2px;"><strong style="border: 0px; margin: 0px; padding: 0px; font-size: 13.2px;"><span style="border: 0px; margin: 0px; padding: 0px; font-size: 14px;">国家利益底线；</span></strong><span style="border: 0px; margin: 0px; padding: 0px; font-size: 14px;">&nbsp;国家利益高于一切是每一个公民的应为之举。互联网没有国界，但网民有国界。</span></p><p style="border: 0px; margin-top: 10px; margin-bottom: 10px; padding: 0px; font-size: 13.2px;"><br/></p></li><p style="border: 0px; margin-top: 10px; margin-bottom: 10px; padding: 0px; font-size: 13.2px;"><br/></p><p style="border: 0px; margin-top: 10px; margin-bottom: 10px; padding: 0px; font-size: 13.2px;"><br/></p><li><p style="border: 0px; margin-top: 10px; margin-bottom: 10px; padding: 0px; font-size: 13.2px;"><br/></p><p style="border: 0px; margin-top: 10px; margin-bottom: 10px; padding: 0px; font-size: 13.2px;"><strong style="border: 0px; margin: 0px; padding: 0px; font-size: 13.2px;"><span style="border: 0px; margin: 0px; padding: 0px; font-size: 14px;">公民合法权益底线；</span></strong><span style="border: 0px; margin: 0px; padding: 0px; font-size: 14px;">&nbsp;是网络世界每一个网民公平、权益必须得到保证的要求。</span></p><p style="border: 0px; margin-top: 10px; margin-bottom: 10px; padding: 0px; font-size: 13.2px;"><br/></p></li><p style="border: 0px; margin-top: 10px; margin-bottom: 10px; padding: 0px; font-size: 13.2px;"><br/></p><p style="border: 0px; margin-top: 10px; margin-bottom: 10px; padding: 0px; font-size: 13.2px;"><br/></p><li><p style="border: 0px; margin-top: 10px; margin-bottom: 10px; padding: 0px; font-size: 13.2px;"><br/></p><p style="border: 0px; margin-top: 10px; margin-bottom: 10px; padding: 0px; font-size: 13.2px;"><strong style="border: 0px; margin: 0px; padding: 0px; font-size: 13.2px;"><span style="border: 0px; margin: 0px; padding: 0px; font-size: 14px;">社会公共秩序底线；</span></strong><span style="border: 0px; margin: 0px; padding: 0px; font-size: 14px;">&nbsp;营造风清气正的公共秩序，需要所有人共同努力。</span></p><p style="border: 0px; margin-top: 10px; margin-bottom: 10px; padding: 0px; font-size: 13.2px;"><br/></p></li><p style="border: 0px; margin-top: 10px; margin-bottom: 10px; padding: 0px; font-size: 13.2px;"><br/></p><p style="border: 0px; margin-top: 10px; margin-bottom: 10px; padding: 0px; font-size: 13.2px;"><br/></p><li><p style="border: 0px; margin-top: 10px; margin-bottom: 10px; padding: 0px; font-size: 13.2px;"><br/></p><p style="border: 0px; margin-top: 10px; margin-bottom: 10px; padding: 0px; font-size: 13.2px;"><strong style="border: 0px; margin: 0px; padding: 0px; font-size: 13.2px;"><span style="border: 0px; margin: 0px; padding: 0px; font-size: 14px;">道德风尚底线；</span></strong><span style="border: 0px; margin: 0px; padding: 0px; font-size: 14px;">&nbsp;人是社会性群体,只要有人参与的活动,就要受到人类社会各种道德伦理的约束。</span></p><p style="border: 0px; margin-top: 10px; margin-bottom: 10px; padding: 0px; font-size: 13.2px;"><br/></p></li><p style="border: 0px; margin-top: 10px; margin-bottom: 10px; padding: 0px; font-size: 13.2px;"><br/></p><p style="border: 0px; margin-top: 10px; margin-bottom: 10px; padding: 0px; font-size: 13.2px;"><br/></p><li><p style="border: 0px; margin-top: 10px; margin-bottom: 10px; padding: 0px; font-size: 13.2px;"><br/></p><p style="border: 0px; margin-top: 10px; margin-bottom: 10px; padding: 0px; font-size: 13.2px;"><strong style="border: 0px; margin: 0px; padding: 0px; font-size: 13.2px;"><span style="border: 0px; margin: 0px; padding: 0px; font-size: 14px;">信息真实性底线；</span></strong><span style="border: 0px; margin: 0px; padding: 0px; font-size: 14px;">&nbsp;共同抵制虚假有害、恶意谣言信息的传播，大力倡导真实、文明的信息交换和流通。</span></p><p style="border: 0px; margin-top: 10px; margin-bottom: 10px; padding: 0px; font-size: 13.2px;"><br/></p></li><p style="border: 0px; margin-top: 10px; margin-bottom: 10px; padding: 0px; font-size: 13.2px;"><br/></p><p style="border: 0px; margin-top: 10px; margin-bottom: 10px; padding: 0px; font-size: 13.2px;"><br/></p></ol><p style="border: 0px; margin-top: 10px; margin-bottom: 10px; padding: 0px; font-size: 13.2px; color: rgb(51, 51, 51); font-family: Verdana, Arial, Helvetica, sans-serif; line-height: 26.4px; white-space: normal; widows: 1; background-color: rgb(245, 248, 255);"><br/></p><p style="border: 0px; margin-top: 10px; margin-bottom: 10px; padding: 0px; font-size: 13.2px; color: rgb(51, 51, 51); font-family: Verdana, Arial, Helvetica, sans-serif; line-height: 26.4px; white-space: normal; widows: 1; background-color: rgb(245, 248, 255);"><br/></p><p style="border: 0px; margin-top: 10px; margin-bottom: 10px; padding: 0px; font-size: 13.2px; color: rgb(51, 51, 51); font-family: Verdana, Arial, Helvetica, sans-serif; line-height: 26.4px; white-space: normal; widows: 1; background-color: rgb(245, 248, 255);"><br/></p><p style="border: 0px; margin-top: 10px; margin-bottom: 10px; padding: 0px; font-size: 13.2px; color: rgb(51, 51, 51); font-family: Verdana, Arial, Helvetica, sans-serif; line-height: 26.4px; white-space: normal; widows: 1; background-color: rgb(245, 248, 255);"><br/></p><p style="border: 0px; margin-top: 10px; margin-bottom: 10px; padding: 0px; font-size: 13.2px; color: rgb(51, 51, 51); font-family: Verdana, Arial, Helvetica, sans-serif; line-height: 26.4px; white-space: normal; widows: 1; background-color: rgb(245, 248, 255);"><br/></p><p style="border: 0px; margin-top: 10px; margin-bottom: 10px; padding: 0px; font-size: 13.2px; color: rgb(51, 51, 51); font-family: Verdana, Arial, Helvetica, sans-serif; line-height: 26.4px; white-space: normal; widows: 1; background-color: rgb(245, 248, 255);"><br/></p><p style="border: 0px; margin-top: 10px; margin-bottom: 10px; padding: 0px; font-size: 13.2px; color: rgb(51, 51, 51); font-family: Verdana, Arial, Helvetica, sans-serif; line-height: 26.4px; white-space: normal; widows: 1; background-color: rgb(245, 248, 255);"><br/></p><p style="border: 0px; margin-top: 10px; margin-bottom: 10px; padding: 0px; font-size: 13.2px; color: rgb(51, 51, 51); font-family: Verdana, Arial, Helvetica, sans-serif; line-height: 26.4px; white-space: normal; widows: 1; background-color: rgb(245, 248, 255);"><br/></p><p style="border: 0px; margin-top: 10px; margin-bottom: 10px; padding: 0px; font-size: 13.2px; color: rgb(51, 51, 51); font-family: Verdana, Arial, Helvetica, sans-serif; line-height: 26.4px; white-space: normal; widows: 1; background-color: rgb(245, 248, 255);"><span style="border: 0px; margin: 0px; padding: 0px; font-size: 16px; color: rgb(0, 102, 0);"><strong style="border: 0px; margin: 0px; padding: 0px;">努力确保每一个威客任务都是真实合法。</strong></span><span style="border: 0px; margin: 0px; padding: 0px; font-size: 16px; color: rgb(0, 102, 0);"><strong style="border: 0px; margin: 0px; padding: 0px;">对推广任务里面</strong></span><span style="border: 0px; margin: 0px; padding: 0px; font-size: 16px; color: rgb(0, 102, 0);"><strong style="border: 0px; margin: 0px; padding: 0px;">涉及到</strong></span><span style="border: 0px; margin: 0px; padding: 0px; font-size: 16px; color: rgb(0, 102, 0);"><strong style="border: 0px; margin: 0px; padding: 0px;">的广告内容，</strong></span>&nbsp;<span style="border: 0px; margin: 0px; padding: 0px; font-size: 16px; color: rgb(0, 102, 0);"><strong style="border: 0px; margin: 0px; padding: 0px;"><span style="border: 0px; margin: 0px; padding: 0px; color: rgb(229, 51, 51);">提醒所有威客不要盲目相信与参与</span>。对威客私下与广告主进行的其他交易，微推推不负责任也不介入处理。</strong></span>&nbsp;<span style="border: 0px; margin: 0px; padding: 0px; font-size: 16px; color: rgb(0, 102, 0);"><strong style="border: 0px; margin: 0px; padding: 0px;">如有威客投诉任务有非法内容，我们会第一时间进行查实并取消任务.<img src="/ueditor/php/upload/image/20160926/1474873319116689.gif" alt="" border="0" style="border: 0px; margin: 0px; padding: 0px; font-size: 0px; color: transparent; vertical-align: middle;"/></strong></span></p><p><br/></p>', 1474873380),
(2, 'admin', '关于网站停运一天的通知', '<p><span style="color: rgb(229, 51, 51); font-family: Verdana, Arial, Helvetica, sans-serif; line-height: 32px; widows: 1; background-color: rgb(245, 248, 255);">因升级需要，9月30日网站停运一天。给您带来的不便请原谅。</span></p>', 1474874118),
(3, 'admin', '任务赏金分配新规则公告', '<p><span style="font-family: 微软雅黑; font-size: 12px; line-height: 24px; widows: 1; background-color: rgb(255, 255, 255);">尊敬的用户： &nbsp; &nbsp; 您好。2016年起，赏金分配实行新规则。具体如下：&nbsp; &nbsp; &nbsp;&nbsp;</span></p><p><span style="background-color: rgb(255, 255, 255); font-family: 微软雅黑; font-size: 12px; widows: 1;">中标威客获得90%赏金，剩余10%归平台所有。</span><br/></p><p><br/></p>', 1474874382);

-- --------------------------------------------------------

--
-- 表的结构 `refund`
--

DROP TABLE IF EXISTS `refund`;
CREATE TABLE IF NOT EXISTS `refund` (
  `refund_id` int(10) unsigned NOT NULL AUTO_INCREMENT,
  `task_id` int(11) NOT NULL,
  `refund_time` int(11) NOT NULL,
  `refund_status` int(11) NOT NULL,
  PRIMARY KEY (`refund_id`)
) ENGINE=InnoDB DEFAULT CHARSET=utf8 AUTO_INCREMENT=1 ;

-- --------------------------------------------------------

--
-- 表的结构 `task`
--

DROP TABLE IF EXISTS `task`;
CREATE TABLE IF NOT EXISTS `task` (
  `ID` int(10) unsigned NOT NULL AUTO_INCREMENT,
  `Name` varchar(50) NOT NULL,
  `TypeID` int(11) NOT NULL,
  `UserID` int(11) NOT NULL,
  `bidder` int(11) NOT NULL,
  `Price` float NOT NULL,
  `Descript` text NOT NULL,
  `PubTime` int(11) NOT NULL,
  `DeadTime` int(11) NOT NULL,
  `Status` int(11) NOT NULL,
  `review` int(11) NOT NULL,
  PRIMARY KEY (`ID`)
) ENGINE=InnoDB  DEFAULT CHARSET=utf8 AUTO_INCREMENT=21 ;

--
-- 转存表中的数据 `task`
--

INSERT INTO `task` (`ID`, `Name`, `TypeID`, `UserID`, `bidder`, `Price`, `Descript`, `PubTime`, `DeadTime`, `Status`, `review`) VALUES
(1, '博趣娱乐LOGO设计', 1, 5, 0, 1000, '<p class="task-extend-item task-extend-kuo" style="margin-top: 0px; margin-bottom: 20px; padding: 0px; border: 0px; outline: 0px; font-size: 12px; line-height: 25px; color: rgb(102, 102, 102); font-family: &#39;Helvetica Neue&#39;, Helvetica, Arial, sans-serif; white-space: normal; background-color: rgb(255, 255, 255);"><span style="margin: 0px; padding: 0px; border: 0px; outline: 0px; font-weight: bold;">企业所属行业</span>：<br/>会计/金融/银行/保险</p><p class="task-extend-item task-extend-kuo" style="margin-top: 0px; margin-bottom: 20px; padding: 0px; border: 0px; outline: 0px; font-size: 12px; line-height: 25px; color: rgb(102, 102, 102); font-family: &#39;Helvetica Neue&#39;, Helvetica, Arial, sans-serif; white-space: normal; background-color: rgb(255, 255, 255);"><span style="margin: 0px; padding: 0px; border: 0px; outline: 0px; font-weight: bold;">希望的LOGO类型</span>：<br/>图标&amp;文字</p><h3 style="margin: 0px; padding: 0px; border: 0px; outline: 0px; font-size: 12px;">具体要求：</h3><p>左侧图标里面的内容放：B&nbsp;Q&nbsp;这两个英文字母<br/>右侧文字：博趣<br/>下方域名：bq8.com<br/><br/>logo整体风格要求&nbsp;简单、大气、层次分明有立体感</p><p><br/></p>', 1474860581, 1480432800, 0, 1),
(2, '壹启LOGO设计', 1, 5, 0, 500, '<p class="task-extend-item task-extend-kuo" style="margin-top: 0px; margin-bottom: 20px; padding: 0px; border: 0px; outline: 0px; font-size: 12px; line-height: 25px; color: rgb(102, 102, 102); font-family: &#39;Helvetica Neue&#39;, Helvetica, Arial, sans-serif; white-space: normal; background-color: rgb(255, 255, 255);"><span style="margin: 0px; padding: 0px; border: 0px; outline: 0px; font-weight: bold;">企业所属行业</span>：<br/>服务业</p><p class="task-extend-item task-extend-kuo" style="margin-top: 0px; margin-bottom: 20px; padding: 0px; border: 0px; outline: 0px; font-size: 12px; line-height: 25px; color: rgb(102, 102, 102); font-family: &#39;Helvetica Neue&#39;, Helvetica, Arial, sans-serif; white-space: normal; background-color: rgb(255, 255, 255);"><span style="margin: 0px; padding: 0px; border: 0px; outline: 0px; font-weight: bold;">希望的LOGO类型</span>：<br/>图形标志</p><h3 style="margin: 0px; padding: 0px; border: 0px; outline: 0px; font-size: 12px;">具体要求：</h3><p>壹启：用于创意文化园的名称“壹启创意文化园”，属性为创意园，希望富有艺术创意性。<br/>创意园是一个大项目，要求设计出来的标志要有大项目的范，逼格高，年轻化。<br/>切记！这是一个项目商标，不是一个品牌门店或餐厅。。要考虑大局观！</p><p><br/></p>', 1474860750, 1480840800, 0, 1),
(3, '做一个小型的类似视频的网站开发', 2, 5, 0, 1000, '<h3 style="margin: 0px; padding: 0px; border: 0px; outline: 0px; font-size: 12px; color: rgb(102, 102, 102); font-family: &#39;Helvetica Neue&#39;, Helvetica, Arial, sans-serif; line-height: 25.2px; white-space: normal; background-color: rgb(255, 255, 255);">具体要求：</h3><p class="demand-txt overflow height-none" style="margin-top: 0px; margin-bottom: 0px; padding: 0px; border: 0px; outline: 0px; font-size: 12px; width: 847px; overflow: hidden; height: auto; color: rgb(102, 102, 102); font-family: &#39;Helvetica Neue&#39;, Helvetica, Arial, sans-serif; line-height: 25.2px; white-space: normal; background-color: rgb(255, 255, 255);"><br/>制作一个网站&nbsp;自用！<br/>【开发要求】<br/>开发语言：PHP+MYSQL+MVC模式&nbsp;前台+后台<br/>【主要功能要求】<br/>主要用于：视频在线播放、图片、文件存储、上传下载、禁止上传任何可执行文件、<br/>【存储的方式】<br/>存储方式：视频存储为【网易云视频】、文件和图片存储【七牛云或其他】、还有本地<br/><br/>【用户模块】<br/>会员模块：注册、登录、绑定微信、微信登录、绑定邮箱（作用，当然就是找回密码用的啦）、<br/>会员用户组：免费、包月、包季、包年、终身&nbsp;后台可相应增减<br/>会员个人中心：就是修改密码&nbsp;绑定邮箱之类的，然后就是上传视频、上传文件和图片这些，用户所有上传均审核，<br/>用户上传后&nbsp;有个列表&nbsp;就是用户自己上传了哪些可以看得到，<br/>比方说视频&nbsp;在填写完视频信息后，有个是否推送到本站就是大家可以看到，上传完了后就显示。转码中，完了后显示的是，管理员审核，通过后显示在相应的栏目！<br/>如果用户要修改视频信息，则撤销推送，返回到审核状态！反正就是防止用户在审核通过后修改视频信息&nbsp;已达到广告的目的！<br/>图片也一样，图片可以上传一个也可以一组，上传文件的话&nbsp;同样的原理！<br/><br/>【前台模板类】<br/>移动和ipa端模板参照&nbsp;菠萝视频的动漫栏目类似&nbsp;手机模板&nbsp;栏目这些后台可以增减还有分类<br/>PC端也（类似）菠萝手机视频模板的样式&nbsp;&nbsp;然后就是能显示GIF动态图<br/>然后这里要说下这里需要2个登陆模式，一种是直接打开首页，然后用户自行登陆，也可以不用登陆但是只能观看免费的<br/>一种是用户必须先登陆&nbsp;然后在进入网站，就想网站后台一样&nbsp;必须登陆后才到后台首页&nbsp;&nbsp;这两种方式，管理员在后台任意切换！<br/>如果开启了先登录的模式，以前分享的连接打开后都是显示先登录！<br/><br/>【后台】<br/>先依照开发者自己的想法来，完了需要修改的地方&nbsp;在和开发者说<br/><br/>【播放器】<br/>播放器&nbsp;纯HLS&nbsp;地址：http://www.52player.com/Demos/HLSPlayer/&nbsp;或者开发者推荐必须支持HLS</p><p><br/></p>', 1474860892, 1480114800, 0, 1),
(4, '公司主页（wordpress）添加会员前台注册系统', 2, 5, 0, 500, '<h3 style="margin: 0px; padding: 0px; border: 0px; outline: 0px; font-size: 12px;">具体要求：</h3><p class="demand-txt overflow height-none" style="margin-top: 0px; margin-bottom: 0px; padding: 0px; border: 0px; outline: 0px; width: 847px; overflow: hidden; height: auto;">1.在公司主页添加一张活动宣传照片，点击进入注册界面;<br/>2、注册内容明细包括店名，担当者名，住所，TEL（是日本的电话，请问可以设置添加验证码验证吗？）Mail等；<br/>3，注册成功提示界面。<br/><br/><br/></p><p class="mt10 task-extend-item" style="margin-top: 10px; margin-bottom: 20px; padding: 0px; border: 0px; outline: 0px; font-size: 12px; color: rgb(102, 102, 102); font-family: &#39;Helvetica Neue&#39;, Helvetica, Arial, sans-serif; white-space: normal; background-color: rgb(255, 255, 255);"><a rel="nofollow" target="_blank" href="http://rms.zhubajie.com/resource/redirect?key=homesite%2Ftask%2FQQ%E5%9B%BE%E7%89%8720160926094642.png%2Forigine%2F7ea2dab1-dd3e-4e81-987f-f6da6ebd96e8" style="margin: 0px; padding: 0px; border: 0px; outline: none; text-decoration: none; color: rgb(11, 115, 187); font-family: Arial, Helvetica, sans-serif, 宋体;"><img src="http://rms.zhubajie.com/resource/redirect?key=homesite%2Ftask%2FQQ%E5%9B%BE%E7%89%8720160926094642.png%2Forigine%2F7ea2dab1-dd3e-4e81-987f-f6da6ebd96e8&s.w=500&s.h=370" alt="公司主页（wordpress）添加会员前台注册系统" style="margin: 0px; padding: 0px; border: 0px; outline: 0px; vertical-align: middle;"/></a></p><p><br/></p>', 1474861091, 1477605600, 0, 1),
(5, '做一个简单的电脑网页查询系统包含前后台系统设计', 3, 5, 0, 800, '<h3 style="margin: 0px; padding: 0px; border: 0px; outline: 0px; font-size: 12px; color: rgb(102, 102, 102); font-family: &#39;Helvetica Neue&#39;, Helvetica, Arial, sans-serif; line-height: 25.2px; white-space: normal; background-color: rgb(255, 255, 255);">具体要求：</h3><p class="demand-txt overflow height-none" style="margin-top: 0px; margin-bottom: 0px; padding: 0px; border: 0px; outline: 0px; font-size: 12px; width: 847px; overflow: hidden; height: auto; color: rgb(102, 102, 102); font-family: &#39;Helvetica Neue&#39;, Helvetica, Arial, sans-serif; line-height: 25.2px; white-space: normal; background-color: rgb(255, 255, 255);">设计一个电脑网页查询系统，包含前台查询页面以及后台各项功能操作。<br/>前台：包含背景图案，文字描述，用户名单，公告栏，菜单栏等等。<br/>【会员登陆窗口、活动规则，活动内容，用户名单，在线客服链接等】<br/><br/>后台：用户查询功能，修改活动规则，活动内容等。<br/>前台会员登陆窗口，与后台数据一致才可以查询，如果后台数据中没有这个用户显示：暂时没有您的数据。<br/><br/>用户名单通过后台数据导入（做excel导入）<br/>后台支持设定会员管理，数据清空，系统管理，支持用户排名，必须要求用户数据加密等要求。</p><p><br/></p>', 1474861221, 1482840800, 0, 1),
(6, '数据分析软件用户端网页控制界面开发', 3, 5, 0, 1500, '<h3 style="margin: 0px; padding: 0px; border: 0px; outline: 0px; font-size: 12px;">具体要求：</h3><p class="demand-txt overflow height-none" style="margin-top: 0px; margin-bottom: 0px; padding: 0px; border: 0px; outline: 0px; width: 847px; overflow: hidden; height: auto;">希望找人开发一个企业用软件的用户端控制界面。这个界面是在网页上实现的。<br/>界面的大致排版如附图所示。各窗口区的面积可以由拉动分隔线来改变。<br/>中部最左侧的窗口里的&nbsp;directory&nbsp;tree&nbsp;的形成是数据驱动的，也就是数据的结构是树状的。<br/>中部右侧的窗口里，可以显示数据表（类似于Excel表），也可以图像化地显示网络结构，可以双击网络节点显示命令菜单。网络结构也是数据驱动。<br/><br/>具体详聊</p><p class="mt10 task-extend-item" style="margin-top: 10px; margin-bottom: 20px; padding: 0px; border: 0px; outline: 0px; font-size: 12px; color: rgb(102, 102, 102); font-family: &#39;Helvetica Neue&#39;, Helvetica, Arial, sans-serif; white-space: normal; background-color: rgb(255, 255, 255);"><a rel="nofollow" target="_blank" href="http://rms.zhubajie.com/resource/redirect?key=homesite%2Ftask%2Fban.jpg%2Forigine%2F7bace924-1836-4146-90b6-5524c3185c24" style="margin: 0px; padding: 0px; border: 0px; outline: none; text-decoration: none; color: rgb(11, 115, 187); font-family: Arial, Helvetica, sans-serif, 宋体;"><img src="http://rms.zhubajie.com/resource/redirect?key=homesite%2Ftask%2Fban.jpg%2Forigine%2F7bace924-1836-4146-90b6-5524c3185c24&s.w=500&s.h=370" alt="数据分析软件用户端网页控制界面开发" style="margin: 0px; padding: 0px; border: 0px; outline: 0px; vertical-align: middle;"/></a></p><p><br/></p>', 1474861321, 1482840800, 0, 1),
(7, '魏氏男宝宝3字取名', 4, 6, 2, 100, '<p class="task-extend-item task-extend-kuo" style="margin-top: 0px; margin-bottom: 20px; padding: 0px; border: 0px; outline: 0px; font-size: 12px; line-height: 25px; color: rgb(102, 102, 102); font-family: &#39;Helvetica Neue&#39;, Helvetica, Arial, sans-serif; white-space: normal; background-color: rgb(255, 255, 255);"><span style="margin: 0px; padding: 0px; border: 0px; outline: 0px; font-weight: bold;">父母姓氏</span>：<br/>魏、徐</p><p class="task-extend-item task-extend-kuo" style="margin-top: 0px; margin-bottom: 20px; padding: 0px; border: 0px; outline: 0px; font-size: 12px; line-height: 25px; color: rgb(102, 102, 102); font-family: &#39;Helvetica Neue&#39;, Helvetica, Arial, sans-serif; white-space: normal; background-color: rgb(255, 255, 255);"><span style="margin: 0px; padding: 0px; border: 0px; outline: 0px; font-weight: bold;">字数的要求</span>：<br/>3字</p><p class="task-extend-item task-extend-kuo" style="margin-top: 0px; margin-bottom: 20px; padding: 0px; border: 0px; outline: 0px; font-size: 12px; line-height: 25px; color: rgb(102, 102, 102); font-family: &#39;Helvetica Neue&#39;, Helvetica, Arial, sans-serif; white-space: normal; background-color: rgb(255, 255, 255);"><span style="margin: 0px; padding: 0px; border: 0px; outline: 0px; font-weight: bold;">宝宝的性别</span>：<br/>男宝宝</p><h3 style="margin: 0px; padding: 0px; border: 0px; outline: 0px; font-size: 12px;">具体要求：</h3><p>阳历2015年7月3日16时05分出生，想改一个名字</p><p><br/></p>', 1474861643, 1482706800, 1, 1),
(8, '专业服务/教育/培训无字数要求品牌取名', 4, 6, 0, 1000, '<h3 style="margin: 0px; padding: 0px; border: 0px; outline: 0px; font-size: 12px; color: rgb(102, 102, 102); font-family: &#39;Helvetica Neue&#39;, Helvetica, Arial, sans-serif; line-height: 25.2px; white-space: normal; background-color: rgb(255, 255, 255);">具体要求：</h3><p><span style="color: rgb(102, 102, 102); font-family: &#39;Helvetica Neue&#39;, Helvetica, Arial, sans-serif; font-size: 12px; line-height: 25.2px; background-color: rgb(255, 255, 255);">行业：医学教育（互联网医学院）</span><br style="color: rgb(102, 102, 102); font-family: &#39;Helvetica Neue&#39;, Helvetica, Arial, sans-serif; font-size: 12px; line-height: 25.2px; white-space: normal; background-color: rgb(255, 255, 255);"/><br style="color: rgb(102, 102, 102); font-family: &#39;Helvetica Neue&#39;, Helvetica, Arial, sans-serif; font-size: 12px; line-height: 25.2px; white-space: normal; background-color: rgb(255, 255, 255);"/><span style="color: rgb(102, 102, 102); font-family: &#39;Helvetica Neue&#39;, Helvetica, Arial, sans-serif; font-size: 12px; line-height: 25.2px; background-color: rgb(255, 255, 255);">服务：通过移动互联网传播全球一流医术（诊断方案、手术技巧等）,医院的在职医生通过我们APP学习如何诊断病人，如何做手术等，通过我们的培训同时完成动手操作。（线上线下相结合）&nbsp;</span><br style="color: rgb(102, 102, 102); font-family: &#39;Helvetica Neue&#39;, Helvetica, Arial, sans-serif; font-size: 12px; line-height: 25.2px; white-space: normal; background-color: rgb(255, 255, 255);"/><br style="color: rgb(102, 102, 102); font-family: &#39;Helvetica Neue&#39;, Helvetica, Arial, sans-serif; font-size: 12px; line-height: 25.2px; white-space: normal; background-color: rgb(255, 255, 255);"/><span style="color: rgb(102, 102, 102); font-family: &#39;Helvetica Neue&#39;, Helvetica, Arial, sans-serif; font-size: 12px; line-height: 25.2px; background-color: rgb(255, 255, 255);">目的：提升医生医术，救治更多患者&nbsp;</span><br style="color: rgb(102, 102, 102); font-family: &#39;Helvetica Neue&#39;, Helvetica, Arial, sans-serif; font-size: 12px; line-height: 25.2px; white-space: normal; background-color: rgb(255, 255, 255);"/><br style="color: rgb(102, 102, 102); font-family: &#39;Helvetica Neue&#39;, Helvetica, Arial, sans-serif; font-size: 12px; line-height: 25.2px; white-space: normal; background-color: rgb(255, 255, 255);"/><span style="color: rgb(102, 102, 102); font-family: &#39;Helvetica Neue&#39;, Helvetica, Arial, sans-serif; font-size: 12px; line-height: 25.2px; background-color: rgb(255, 255, 255);">使命：建立一所没有围墙的医学院</span><br style="color: rgb(102, 102, 102); font-family: &#39;Helvetica Neue&#39;, Helvetica, Arial, sans-serif; font-size: 12px; line-height: 25.2px; white-space: normal; background-color: rgb(255, 255, 255);"/><span style="color: rgb(102, 102, 102); font-family: &#39;Helvetica Neue&#39;, Helvetica, Arial, sans-serif; font-size: 12px; line-height: 25.2px; background-color: rgb(255, 255, 255);">&nbsp;</span><br style="color: rgb(102, 102, 102); font-family: &#39;Helvetica Neue&#39;, Helvetica, Arial, sans-serif; font-size: 12px; line-height: 25.2px; white-space: normal; background-color: rgb(255, 255, 255);"/><span style="color: rgb(102, 102, 102); font-family: &#39;Helvetica Neue&#39;, Helvetica, Arial, sans-serif; font-size: 12px; line-height: 25.2px; background-color: rgb(255, 255, 255);">理念：携手医生成长，实现医术价值&nbsp;愿景：把全球最好的医学专家请到我们平台上来讲课，让全世界的医生都能在好医术医学院获取一流的医术和手术技能！让医术分享变得简单实效，从而推动先进医术的全球流动，救治天下患者。&nbsp;</span><br style="color: rgb(102, 102, 102); font-family: &#39;Helvetica Neue&#39;, Helvetica, Arial, sans-serif; font-size: 12px; line-height: 25.2px; white-space: normal; background-color: rgb(255, 255, 255);"/><br style="color: rgb(102, 102, 102); font-family: &#39;Helvetica Neue&#39;, Helvetica, Arial, sans-serif; font-size: 12px; line-height: 25.2px; white-space: normal; background-color: rgb(255, 255, 255);"/><span style="color: rgb(102, 102, 102); font-family: &#39;Helvetica Neue&#39;, Helvetica, Arial, sans-serif; font-size: 12px; line-height: 25.2px; background-color: rgb(255, 255, 255);">品牌起名要求：</span><br style="color: rgb(102, 102, 102); font-family: &#39;Helvetica Neue&#39;, Helvetica, Arial, sans-serif; font-size: 12px; line-height: 25.2px; white-space: normal; background-color: rgb(255, 255, 255);"/><span style="color: rgb(102, 102, 102); font-family: &#39;Helvetica Neue&#39;, Helvetica, Arial, sans-serif; font-size: 12px; line-height: 25.2px; background-color: rgb(255, 255, 255);">&nbsp;一、容易记住，一针见血，清晰明了，直切主题</span><br style="color: rgb(102, 102, 102); font-family: &#39;Helvetica Neue&#39;, Helvetica, Arial, sans-serif; font-size: 12px; line-height: 25.2px; white-space: normal; background-color: rgb(255, 255, 255);"/><span style="color: rgb(102, 102, 102); font-family: &#39;Helvetica Neue&#39;, Helvetica, Arial, sans-serif; font-size: 12px; line-height: 25.2px; background-color: rgb(255, 255, 255);">二、可注册品牌，每个供应商只许起名3个（禁止拉一堆名称无效名称给我&nbsp;）</span><br style="color: rgb(102, 102, 102); font-family: &#39;Helvetica Neue&#39;, Helvetica, Arial, sans-serif; font-size: 12px; line-height: 25.2px; white-space: normal; background-color: rgb(255, 255, 255);"/><span style="color: rgb(102, 102, 102); font-family: &#39;Helvetica Neue&#39;, Helvetica, Arial, sans-serif; font-size: 12px; line-height: 25.2px; background-color: rgb(255, 255, 255);">三、中英文&nbsp;&nbsp;</span><br style="color: rgb(102, 102, 102); font-family: &#39;Helvetica Neue&#39;, Helvetica, Arial, sans-serif; font-size: 12px; line-height: 25.2px; white-space: normal; background-color: rgb(255, 255, 255);"/><span style="color: rgb(102, 102, 102); font-family: &#39;Helvetica Neue&#39;, Helvetica, Arial, sans-serif; font-size: 12px; line-height: 25.2px; background-color: rgb(255, 255, 255);">四、&nbsp;此方案是我本人直接需求，本人一直在八戒网发布需求并都付款了，我很真诚，请大家真诚帮助，感激不尽！谢谢，谢谢。</span></p><p><br/></p>', 1474861700, 1482840800, 0, 1),
(9, '计算机/互联网/通信/电子无字数要求品牌取名', 4, 6, 0, 1000, '<p class="task-extend-item task-extend-kuo" style="margin-top: 0px; margin-bottom: 20px; padding: 0px; border: 0px; outline: 0px; font-size: 12px; line-height: 25px; color: rgb(102, 102, 102); font-family: &#39;Helvetica Neue&#39;, Helvetica, Arial, sans-serif; white-space: normal; background-color: rgb(255, 255, 255);"><span style="margin: 0px; padding: 0px; border: 0px; outline: 0px; font-weight: bold;">您对字数的要求</span>：<br/>无字数要求</p><p class="task-extend-item task-extend-kuo" style="margin-top: 0px; margin-bottom: 20px; padding: 0px; border: 0px; outline: 0px; font-size: 12px; line-height: 25px; color: rgb(102, 102, 102); font-family: &#39;Helvetica Neue&#39;, Helvetica, Arial, sans-serif; white-space: normal; background-color: rgb(255, 255, 255);"><span style="margin: 0px; padding: 0px; border: 0px; outline: 0px; font-weight: bold;">企业所属行业</span>：<br/>计算机/互联网/通信/电子</p><h3 style="margin: 0px; padding: 0px; border: 0px; outline: 0px; font-size: 12px;">具体要求：</h3><p>超市供货平台名称征集。体现出：<br/>“快”：快速。商超（超市）为用户的配送快速；超市配送快速；超市进货快速。<br/>&nbsp;&nbsp;&nbsp;&nbsp;&nbsp;快捷（方便）。用户使用方便（购物和生活服务）；管理超市方便（包括进销存）。<br/><br/><br/>平台需要有一个整体的名字——平台名称，控制在三个字以内（包括三个字）。<br/><br/>针对不同的客户群里（使用不同的App或程序），App要有自己的名字（分别）。<br/><br/>用户App名称<br/>平台旗下的XXX（用户App名称）<br/><br/>配送App名称<br/>平台旗下的XXX<br/><br/>商超（超市）客户端<br/>平台旗下的XXX<br/><br/>微信商城使用平台名称（暂定）</p><p><br/></p>', 1474861763, 1482840800, 0, 1),
(10, '广告宣传语', 5, 6, 0, 500, '<h3 style="margin: 0px; padding: 0px; border: 0px; outline: 0px; font-size: 12px; color: rgb(102, 102, 102); font-family: &#39;Helvetica Neue&#39;, Helvetica, Arial, sans-serif; line-height: 25.2px; white-space: normal; background-color: rgb(255, 255, 255);">具体要求：</h3><p><span style="color: rgb(102, 102, 102); font-family: &#39;Helvetica Neue&#39;, Helvetica, Arial, sans-serif; font-size: 12px; line-height: 25.2px; background-color: rgb(255, 255, 255);">泰心康复----心血管疾病预防与康复医疗服务提供商，心脏病术后恢复护理中心及长期慢病管理机构，需求广告语。</span><br style="color: rgb(102, 102, 102); font-family: &#39;Helvetica Neue&#39;, Helvetica, Arial, sans-serif; font-size: 12px; line-height: 25.2px; white-space: normal; background-color: rgb(255, 255, 255);"/><span style="color: rgb(102, 102, 102); font-family: &#39;Helvetica Neue&#39;, Helvetica, Arial, sans-serif; font-size: 12px; line-height: 25.2px; background-color: rgb(255, 255, 255);">要求：通俗易懂，朗朗上口，</span></p><p><br/></p>', 1474861902, 1485385200, 0, 1),
(11, '一篇10万+阅读软文，以互联网互助保障为题', 5, 6, 0, 1200, '<p class="task-extend-item task-extend-kuo" style="margin-top: 0px; margin-bottom: 20px; padding: 0px; border: 0px; outline: 0px; font-size: 12px; line-height: 25px; color: rgb(102, 102, 102); font-family: &#39;Helvetica Neue&#39;, Helvetica, Arial, sans-serif; white-space: normal; background-color: rgb(255, 255, 255);"><span style="margin: 0px; padding: 0px; border: 0px; outline: 0px; font-weight: bold;">行业</span>：<br/>健康/医疗/保健&nbsp;</p><p class="task-extend-item task-extend-kuo" style="margin-top: 0px; margin-bottom: 20px; padding: 0px; border: 0px; outline: 0px; font-size: 12px; line-height: 25px; color: rgb(102, 102, 102); font-family: &#39;Helvetica Neue&#39;, Helvetica, Arial, sans-serif; white-space: normal; background-color: rgb(255, 255, 255);"><span style="margin: 0px; padding: 0px; border: 0px; outline: 0px; font-weight: bold;">写作类型</span>：<br/>微信微博类软文&nbsp;</p><p class="task-extend-item task-extend-kuo" style="margin-top: 0px; margin-bottom: 20px; padding: 0px; border: 0px; outline: 0px; font-size: 12px; line-height: 25px; color: rgb(102, 102, 102); font-family: &#39;Helvetica Neue&#39;, Helvetica, Arial, sans-serif; white-space: normal; background-color: rgb(255, 255, 255);"><span style="margin: 0px; padding: 0px; border: 0px; outline: 0px; font-weight: bold;">每篇稿件字数</span>： 不限</p><h3 style="margin: 0px; padding: 0px; border: 0px; outline: 0px; font-size: 12px;">具体要求：</h3><p class="demand-txt overflow" style="margin-top: 0px; margin-bottom: 0px; padding: 0px; border: 0px; outline: 0px; width: 847px; overflow: hidden; height: 81px;">一篇10万+阅读软文，以互联网互助保障为题，如滴水互助（微信搜索公众号：滴水互助）了解，不论任何题材都可以，只要发到&nbsp;滴水互助&nbsp;微信公众号上阅读量有10万+即可。</p><p><br/></p>', 1474861978, 1482706800, 0, 1),
(12, 'egret/h5游戏模版开发', 6, 6, 0, 5000, '<h3 style="margin: 0px; padding: 0px; border: 0px; outline: 0px; font-size: 12px; color: rgb(102, 102, 102); font-family: &#39;Helvetica Neue&#39;, Helvetica, Arial, sans-serif; line-height: 25.2px; white-space: normal; background-color: rgb(255, 255, 255);">具体要求：</h3><p class="demand-txt overflow height-none" style="margin-top: 0px; margin-bottom: 0px; padding: 0px; border: 0px; outline: 0px; font-size: 12px; width: 847px; overflow: hidden; height: auto; color: rgb(102, 102, 102); font-family: &#39;Helvetica Neue&#39;, Helvetica, Arial, sans-serif; line-height: 25.2px; white-space: normal; background-color: rgb(255, 255, 255);">本公司想制作一个类似这样的，h5游戏制作平台。有没有熟悉游戏模板开发的技术人员。<br/><a href="http://task.zbj.com/8432681/#" class="_target-url" url="http://www.17koko.com" style="margin: 0px; padding: 0px; border: 0px; outline: none; text-decoration: none; color: rgb(11, 115, 187); font-family: Arial, Helvetica, sans-serif, 宋体;">http://www.17koko.com</a><br/><a href="http://task.zbj.com/8432681/#" class="_target-url" url="http://www.sharebay.cn" style="margin: 0px; padding: 0px; border: 0px; outline: none; text-decoration: none; color: rgb(11, 115, 187); font-family: Arial, Helvetica, sans-serif, 宋体;">http://www.sharebay.cn</a><br/><a href="http://task.zbj.com/8432681/#" class="_target-url" url="http://www.kxtui.com" style="margin: 0px; padding: 0px; border: 0px; outline: none; text-decoration: none; color: rgb(11, 115, 187); font-family: Arial, Helvetica, sans-serif, 宋体;">http://www.kxtui.com</a><br/><a href="http://task.zbj.com/8432681/#" class="_target-url" url="http://www.yisutui.com/user/yst?from=96weixin" style="margin: 0px; padding: 0px; border: 0px; outline: none; text-decoration: none; color: rgb(11, 115, 187); font-family: Arial, Helvetica, sans-serif, 宋体;">http://www.yisutui.com/user/yst?from=96weixin</a><br/>功能需求：1.用户上传资源，可使用游戏模板自定义游戏。<br/>&nbsp;&nbsp;&nbsp;&nbsp;&nbsp;&nbsp;&nbsp;&nbsp;&nbsp;&nbsp;&nbsp;&nbsp;&nbsp;&nbsp;&nbsp;2.游戏开发者可以跟具平台API，上传模板供用户使用。</p><p><br/></p>', 1474862178, 1482706800, 0, 1),
(13, '麻将手机棋牌游戏', 6, 6, 2, 5500, '<h3 style="margin: 0px; padding: 0px; border: 0px; outline: 0px; font-size: 12px; color: rgb(102, 102, 102); font-family: &#39;Helvetica Neue&#39;, Helvetica, Arial, sans-serif; line-height: 25.2px; white-space: normal; background-color: rgb(255, 255, 255);">具体要求：</h3><p class="demand-txt overflow height-none" style="margin-top: 0px; margin-bottom: 0px; padding: 0px; border: 0px; outline: 0px; font-size: 12px; width: 847px; overflow: hidden; height: auto; color: rgb(102, 102, 102); font-family: &#39;Helvetica Neue&#39;, Helvetica, Arial, sans-serif; line-height: 25.2px; white-space: normal; background-color: rgb(255, 255, 255);">一、&nbsp;&nbsp;&nbsp;&nbsp;&nbsp;&nbsp;&nbsp;&nbsp;北方麻将之乌海玩法<br/><br/>乌海麻将打法简单、节奏快速、极易胡牌。<br/><br/>二、牌数<br/><br/>乌海麻将，共108张：筒、索、万、不带东、南、西、北风、中、发、白，财神。<br/><br/>三、摸牌<br/><br/>游戏开始，庄家得14张牌，闲家得13张，庄家从牌中选1张丢出。其它3家有权要那张丢出的牌，只能胡、碰、杠，不能吃。<br/><br/>四、胡牌规则<br/>&nbsp;<br/><br/>五、关于杠<br/><br/>1、明杠<br/><br/>A、手上有3张相同的牌，其他玩家打了第4张相同的牌，即可开杠。举例：手上有3个一万，其他玩家打了个一万，则可开杠，如果没有黄庄，三家出分。<br/><br/>B、碰牌之后，自己又摸了1张相同的牌即可开杠，举例：碰了一万，自摸个一万，则可开杠。<br/><br/>2、暗杠<br/><br/>手上抓了四张相同的牌，就是暗杠。<br/><br/>六、庄家分配<br/><br/>1、第一局由创建房间者为庄家。<br/><br/>2、以后谁胡牌，下局谁做庄<br/><br/>3、如果出现通炮情况，则下轮由放炮玩家当庄家。<br/><br/>七、积分规则<br/><br/>1、自摸：<br/><br/>每人输2分，胡牌玩家赢6分。<br/><br/>2、小胡接炮：<br/><br/>点炮方输1分，胡牌玩家赢1分。<br/>3、开杠<br/><br/>A、暗杠相当于自摸，每人出2分；<br/><br/>B、碰牌之后，再抓上1个所碰的牌开杠，每人出1分；<br/><br/>C、手抓了3个相同的牌，然后有人打了1个相同的牌，如黄庄，开杠者出3分。<br/><br/>4、&nbsp;编、砍、吊都要加一分<br/><br/>八、特殊规则<br/><br/>1、通炮：即几个玩家可胡同一张牌，此牌即为通炮。<br/><br/>2、漏胡：如果玩家漏掉炮胡，则该玩家摸牌前禁止炮胡，摸牌后正常；只对该玩家漏胡，其他玩家正常。</p><p><br/></p>', 1474862237, 1495749600, 1, 1),
(14, '安卓端app视频优化', 8, 6, 0, 1000, '<h3 style="margin: 0px; padding: 0px; border: 0px; outline: 0px; font-size: 12px; color: rgb(102, 102, 102); font-family: &#39;Helvetica Neue&#39;, Helvetica, Arial, sans-serif; line-height: 25.2px; white-space: normal; background-color: rgb(255, 255, 255);">具体要求：</h3><p class="demand-txt overflow" style="margin-top: 0px; margin-bottom: 0px; padding: 0px; border: 0px; outline: 0px; font-size: 12px; width: 847px; overflow: hidden; height: 81px; color: rgb(102, 102, 102); font-family: &#39;Helvetica Neue&#39;, Helvetica, Arial, sans-serif; line-height: 25.2px; white-space: normal; background-color: rgb(255, 255, 255);">1.安卓端把分辨率提高到360x576&nbsp;主流的清晰度。<br/>2.调整采集视频方向，安卓的摄像头采集的图像是90度翻转的，将方向调整成竖屏，视频采集窗口满屏贴合屏幕。<br/>3.去掉视频明显噪点。（有接口，直接调用即可。）</p><p><br/></p>', 1474862558, 1482706800, 0, 1),
(15, '网站界面设计切图', 9, 2, 0, 1500, '<h3 style="margin: 0px; padding: 0px; border: 0px; outline: 0px; font-size: 12px;">具体要求：</h3><p class="demand-txt overflow height-none" style="margin-top: 0px; margin-bottom: 0px; padding: 0px; border: 0px; outline: 0px; width: 847px; overflow: hidden; height: auto;">需要设计3个版面设计切图，如下<br/>1、首页（大场景+1个&nbsp;立即学习&nbsp;的按钮），例如&nbsp;&nbsp;大的星空下+飞船<br/>2、操作首页&nbsp;（从首页跳转，大场景+菜单）例如&nbsp;&nbsp;飞船内部操作仪器屏幕<br/>3、内容页&nbsp;&nbsp;&nbsp;（场景框架+菜单+&nbsp;内容背景&nbsp;+&nbsp;内容：内容我们自行添加，预留空间即可）例如&nbsp;&nbsp;沿用飞船内部操作仪器屏幕界面，预留展示内容的空间，内容比较多。<br/>版面需有一些动态显示：&nbsp;&nbsp;例如&nbsp;&nbsp;首页：大星空场景可以有光闪烁或者飞船移动&nbsp;效果，&nbsp;操作首页：操作屏幕&nbsp;可以显示飞船外的一些亮光，或者操作仪表的按钮线路有移动的线条或光亮。<br/>具体详细需求可以联系QQ：<br/><br/>输出&nbsp;html5+css+javascript&nbsp;&nbsp;页面。首要突出科技感，具体形式不限，科技感效果可以通过附件图片做参考，可以做的像类似&nbsp;未来科技游戏界面。<br/>工期：尽快<br/>服务商要求：有相关经验案例<br/>预算：2500<br/></p><p class="mt10 task-extend-item" style="margin-top: 10px; margin-bottom: 20px; padding: 0px; border: 0px; outline: 0px; font-size: 12px; color: rgb(102, 102, 102); font-family: &#39;Helvetica Neue&#39;, Helvetica, Arial, sans-serif; white-space: normal; background-color: rgb(255, 255, 255);"><a rel="nofollow" target="_blank" href="http://rms.zhubajie.com/resource/redirect?key=homesite%2Ftask%2F1.jpg%2Forigine%2F934c0e44-1462-47e1-ba16-0838a55adea0" style="margin: 0px; padding: 0px; border: 0px; outline: none; text-decoration: none; color: rgb(11, 115, 187); font-family: Arial, Helvetica, sans-serif, 宋体;"><img src="http://rms.zhubajie.com/resource/redirect?key=homesite%2Ftask%2F1.jpg%2Forigine%2F934c0e44-1462-47e1-ba16-0838a55adea0&s.w=500&s.h=370" alt="网站界面设计切图" style="margin: 0px; padding: 0px; border: 0px; outline: 0px; vertical-align: middle;"/></a></p><p class="mt10 task-extend-item" style="margin-top: 10px; margin-bottom: 20px; padding: 0px; border: 0px; outline: 0px; font-size: 12px; color: rgb(102, 102, 102); font-family: &#39;Helvetica Neue&#39;, Helvetica, Arial, sans-serif; white-space: normal; background-color: rgb(255, 255, 255);"><a rel="nofollow" target="_blank" href="http://rms.zhubajie.com/resource/redirect?key=homesite%2Ftask%2F2.jpg%2Forigine%2F28f75da0-2162-4947-9ae3-a9a7a640a421" style="margin: 0px; padding: 0px; border: 0px; outline: none; text-decoration: none; color: rgb(11, 115, 187); font-family: Arial, Helvetica, sans-serif, 宋体;"><img src="http://rms.zhubajie.com/resource/redirect?key=homesite%2Ftask%2F2.jpg%2Forigine%2F28f75da0-2162-4947-9ae3-a9a7a640a421&s.w=500&s.h=370" alt="网站界面设计切图" style="margin: 0px; padding: 0px; border: 0px; outline: 0px; vertical-align: middle;"/></a></p><p class="mt10 task-extend-item" style="margin-top: 10px; margin-bottom: 20px; padding: 0px; border: 0px; outline: 0px; font-size: 12px; color: rgb(102, 102, 102); font-family: &#39;Helvetica Neue&#39;, Helvetica, Arial, sans-serif; white-space: normal; background-color: rgb(255, 255, 255);"><a rel="nofollow" target="_blank" href="http://rms.zhubajie.com/resource/redirect?key=homesite%2Ftask%2F3.jpg%2Forigine%2Fad4c8463-e867-4d67-89f6-5b28d503612a" style="margin: 0px; padding: 0px; border: 0px; outline: none; text-decoration: none; color: rgb(11, 115, 187); font-family: Arial, Helvetica, sans-serif, 宋体;"><img src="http://rms.zhubajie.com/resource/redirect?key=homesite%2Ftask%2F3.jpg%2Forigine%2Fad4c8463-e867-4d67-89f6-5b28d503612a&s.w=500&s.h=370" alt="网站界面设计切图" style="margin: 0px; padding: 0px; border: 0px; outline: 0px; vertical-align: middle;"/></a></p><p class="mt10 task-extend-item" style="margin-top: 10px; margin-bottom: 20px; padding: 0px; border: 0px; outline: 0px; font-size: 12px; color: rgb(102, 102, 102); font-family: &#39;Helvetica Neue&#39;, Helvetica, Arial, sans-serif; white-space: normal; background-color: rgb(255, 255, 255);"><a rel="nofollow" target="_blank" href="http://rms.zhubajie.com/resource/redirect?key=homesite%2Ftask%2F4.jpg%2Forigine%2F9c2ed565-048b-4509-b390-712a21e24255" style="margin: 0px; padding: 0px; border: 0px; outline: none; text-decoration: none; color: rgb(11, 115, 187); font-family: Arial, Helvetica, sans-serif, 宋体;"><img src="http://rms.zhubajie.com/resource/redirect?key=homesite%2Ftask%2F4.jpg%2Forigine%2F9c2ed565-048b-4509-b390-712a21e24255&s.w=500&s.h=370" alt="网站界面设计切图" style="margin: 0px; padding: 0px; border: 0px; outline: 0px; vertical-align: middle;"/></a></p><p class="mt10 task-extend-item" style="margin-top: 10px; margin-bottom: 20px; padding: 0px; border: 0px; outline: 0px; font-size: 12px; color: rgb(102, 102, 102); font-family: &#39;Helvetica Neue&#39;, Helvetica, Arial, sans-serif; white-space: normal; background-color: rgb(255, 255, 255);"><a rel="nofollow" target="_blank" href="http://rms.zhubajie.com/resource/redirect?key=homesite%2Ftask%2F5.jpg%2Forigine%2Ff93a5108-4594-463b-96c7-5095202f81cd" style="margin: 0px; padding: 0px; border: 0px; outline: none; text-decoration: none; color: rgb(11, 115, 187); font-family: Arial, Helvetica, sans-serif, 宋体;"><img src="http://rms.zhubajie.com/resource/redirect?key=homesite%2Ftask%2F5.jpg%2Forigine%2Ff93a5108-4594-463b-96c7-5095202f81cd&s.w=500&s.h=370" alt="网站界面设计切图" style="margin: 0px; padding: 0px; border: 0px; outline: 0px; vertical-align: middle;"/></a></p><p><br/></p>', 1474870667, 1482966000, 0, 1),
(16, '微信公众号平台页面', 9, 2, 0, 200, '<h3 style="margin: 0px; padding: 0px; border: 0px; outline: 0px; font-size: 12px;">具体要求：</h3><p class="demand-txt overflow height-none" style="margin-top: 0px; margin-bottom: 0px; padding: 0px; border: 0px; outline: 0px; width: 847px; overflow: hidden; height: auto;">页面数量：2页<br/>设计要求：颜色使用北京地铁官方颜色，页面设计要求美观大气，布局参照北京地铁官方公众号内的地铁查询下的线路查询和车站信息页面的内容。<br/>不需要前端切图。<br/>设计周期：1-2天，尽量短时间内交稿。<br/></p><p class="mt10 task-extend-item" style="margin-top: 10px; margin-bottom: 20px; padding: 0px; border: 0px; outline: 0px; font-size: 12px; color: rgb(102, 102, 102); font-family: &#39;Helvetica Neue&#39;, Helvetica, Arial, sans-serif; white-space: normal; background-color: rgb(255, 255, 255);"><a rel="nofollow" target="_blank" href="http://rms.zhubajie.com/resource/redirect?key=homesite%2Ftask%2F701042995940979782.jpg%2Forigine%2Faa9d53b3-d841-499d-a3da-7de37f2a0cf2" style="margin: 0px; padding: 0px; border: 0px; outline: none; text-decoration: none; color: rgb(11, 115, 187); font-family: Arial, Helvetica, sans-serif, 宋体;"><img src="http://rms.zhubajie.com/resource/redirect?key=homesite%2Ftask%2F701042995940979782.jpg%2Forigine%2Faa9d53b3-d841-499d-a3da-7de37f2a0cf2&s.w=500&s.h=370" alt="微信公众号平台页面" style="margin: 0px; padding: 0px; border: 0px; outline: 0px; vertical-align: middle;"/></a></p><p class="mt10 task-extend-item" style="margin-top: 10px; margin-bottom: 20px; padding: 0px; border: 0px; outline: 0px; font-size: 12px; color: rgb(102, 102, 102); font-family: &#39;Helvetica Neue&#39;, Helvetica, Arial, sans-serif; white-space: normal; background-color: rgb(255, 255, 255);"><a rel="nofollow" target="_blank" href="http://rms.zhubajie.com/resource/redirect?key=homesite%2Ftask%2F808933961468538314.jpg%2Forigine%2Fb77a9a4d-3226-4c97-aad4-3187e5182d23" style="margin: 0px; padding: 0px; border: 0px; outline: none; text-decoration: none; color: rgb(11, 115, 187); font-family: Arial, Helvetica, sans-serif, 宋体;"><img src="http://rms.zhubajie.com/resource/redirect?key=homesite%2Ftask%2F808933961468538314.jpg%2Forigine%2Fb77a9a4d-3226-4c97-aad4-3187e5182d23&s.w=500&s.h=370" alt="微信公众号平台页面" style="margin: 0px; padding: 0px; border: 0px; outline: 0px; vertical-align: middle;"/></a></p><p><br/></p>', 1474870769, 1482706800, 0, 1),
(17, '全息展示柜外观', 7, 2, 0, 2000, '<p class="task-extend-item task-extend-kuo" style="margin-top: 0px; margin-bottom: 20px; padding: 0px; border: 0px; outline: 0px; font-size: 12px; line-height: 25px; color: rgb(102, 102, 102); font-family: &#39;Helvetica Neue&#39;, Helvetica, Arial, sans-serif; white-space: normal; background-color: rgb(255, 255, 255);"><span style="margin: 0px; padding: 0px; border: 0px; outline: 0px; font-weight: bold;">行业</span>：<br/>钣金/机床&nbsp;</p><h3 style="margin: 0px; padding: 0px; border: 0px; outline: 0px; font-size: 12px;">具体要求：</h3><p class="demand-txt overflow height-none" style="margin-top: 0px; margin-bottom: 0px; padding: 0px; border: 0px; outline: 0px; width: 847px; overflow: hidden; height: auto;">设计一款全新的产品，外观新颖、简洁大方，方便使用，符合人体工学。符合银行、金店场合。</p><p class="mt10 task-extend-item" style="margin-top: 10px; margin-bottom: 20px; padding: 0px; border: 0px; outline: 0px; font-size: 12px; color: rgb(102, 102, 102); font-family: &#39;Helvetica Neue&#39;, Helvetica, Arial, sans-serif; white-space: normal; background-color: rgb(255, 255, 255);"><a rel="nofollow" target="_blank" href="http://rms.zhubajie.com/resource/redirect?key=homesite%2Ftask%2F28775210831069470.jpg%2Forigine%2F9e6b6788-36e6-4d15-877b-7b6dd37c9618" style="margin: 0px; padding: 0px; border: 0px; outline: none; text-decoration: none; color: rgb(11, 115, 187); font-family: Arial, Helvetica, sans-serif, 宋体;"><img src="http://rms.zhubajie.com/resource/redirect?key=homesite%2Ftask%2F28775210831069470.jpg%2Forigine%2F9e6b6788-36e6-4d15-877b-7b6dd37c9618&s.w=500&s.h=370" alt="全息展示柜外观" style="margin: 0px; padding: 0px; border: 0px; outline: 0px; vertical-align: middle;"/></a></p><p class="mt10 task-extend-item" style="margin-top: 10px; margin-bottom: 20px; padding: 0px; border: 0px; outline: 0px; font-size: 12px; color: rgb(102, 102, 102); font-family: &#39;Helvetica Neue&#39;, Helvetica, Arial, sans-serif; white-space: normal; background-color: rgb(255, 255, 255);"><a rel="nofollow" target="_blank" href="http://rms.zhubajie.com/resource/redirect?key=homesite%2Ftask%2F411028154143112539.jpg%2Forigine%2F31ab0520-9330-4495-9b39-726b170f779d" style="margin: 0px; padding: 0px; border: 0px; outline: none; text-decoration: none; color: rgb(11, 115, 187); font-family: Arial, Helvetica, sans-serif, 宋体;"><img src="http://rms.zhubajie.com/resource/redirect?key=homesite%2Ftask%2F411028154143112539.jpg%2Forigine%2F31ab0520-9330-4495-9b39-726b170f779d&s.w=500&s.h=370" alt="全息展示柜外观" style="margin: 0px; padding: 0px; border: 0px; outline: 0px; vertical-align: middle;"/></a></p><p class="mt10 task-extend-item" style="margin-top: 10px; margin-bottom: 20px; padding: 0px; border: 0px; outline: 0px; font-size: 12px; color: rgb(102, 102, 102); font-family: &#39;Helvetica Neue&#39;, Helvetica, Arial, sans-serif; white-space: normal; background-color: rgb(255, 255, 255);"><a rel="nofollow" target="_blank" href="http://rms.zhubajie.com/resource/redirect?key=homesite%2Ftask%2F834963138072590236.jpg%2Forigine%2F8f442662-22cd-4e6b-b4c7-c8f990a8baff" style="margin: 0px; padding: 0px; border: 0px; outline: none; text-decoration: none; color: rgb(11, 115, 187); font-family: Arial, Helvetica, sans-serif, 宋体;"><img src="http://rms.zhubajie.com/resource/redirect?key=homesite%2Ftask%2F834963138072590236.jpg%2Forigine%2F8f442662-22cd-4e6b-b4c7-c8f990a8baff&s.w=500&s.h=370" alt="全息展示柜外观" style="margin: 0px; padding: 0px; border: 0px; outline: 0px; vertical-align: middle;"/></a></p><p class="mt10 task-extend-item" style="margin-top: 10px; margin-bottom: 20px; padding: 0px; border: 0px; outline: 0px; font-size: 12px; color: rgb(102, 102, 102); font-family: &#39;Helvetica Neue&#39;, Helvetica, Arial, sans-serif; white-space: normal; background-color: rgb(255, 255, 255);"><a rel="nofollow" target="_blank" href="http://rms.zhubajie.com/resource/redirect?key=homesite%2Ftask%2F868184435327869500.jpg%2Forigine%2F1ee33d37-5f4d-446d-a28a-d0e1953198b1" style="margin: 0px; padding: 0px; border: 0px; outline: none; text-decoration: none; color: rgb(11, 115, 187); font-family: Arial, Helvetica, sans-serif, 宋体;"><img src="http://rms.zhubajie.com/resource/redirect?key=homesite%2Ftask%2F868184435327869500.jpg%2Forigine%2F1ee33d37-5f4d-446d-a28a-d0e1953198b1&s.w=500&s.h=370" alt="全息展示柜外观" style="margin: 0px; padding: 0px; border: 0px; outline: 0px; vertical-align: middle;"/></a></p><p style="line-height: 16px;">附件：<img style="vertical-align: middle; margin-right: 2px;" src="http://127.0.0.1/public/ueditor/dialogs/attachment/fileTypeImages/icon_doc.gif"/><a style="font-size:12px; color:#0066cc;" href="/ueditor/php/upload/file/20160926/1474871691215933.doc" title="全息投影柜技术参考书7.12.doc">全息投影柜技术参考书7.12.doc</a></p><p class="mt10 task-extend-item" style="margin-top: 10px; margin-bottom: 20px; padding: 0px; border: 0px; outline: 0px; font-size: 12px; color: rgb(102, 102, 102); font-family: &#39;Helvetica Neue&#39;, Helvetica, Arial, sans-serif; white-space: normal; background-color: rgb(255, 255, 255);"><a rel="nofollow" target="_blank" href="http://rms.zhubajie.com/resource/redirect?key=homesite%2Ftask%2F868184435327869500.jpg%2Forigine%2F1ee33d37-5f4d-446d-a28a-d0e1953198b1" style="margin: 0px; padding: 0px; border: 0px; outline: none; text-decoration: none; color: rgb(11, 115, 187); font-family: Arial, Helvetica, sans-serif, 宋体;"></a><br/></p><p><br/></p>', 1474871711, 1484840800, 0, 1);
INSERT INTO `task` (`ID`, `Name`, `TypeID`, `UserID`, `bidder`, `Price`, `Descript`, `PubTime`, `DeadTime`, `Status`, `review`) VALUES
(18, '阳台自动浇水种菜盘', 7, 2, 3, 3000, '<p class="task-extend-item task-extend-kuo" style="margin-top: 0px; margin-bottom: 20px; padding: 0px; border: 0px; outline: 0px; font-size: 12px; line-height: 25px; color: rgb(102, 102, 102); font-family: &#39;Helvetica Neue&#39;, Helvetica, Arial, sans-serif; white-space: normal; background-color: rgb(255, 255, 255);"><span style="margin: 0px; padding: 0px; border: 0px; outline: 0px; font-weight: bold;">种类</span>：<br/>家居产品、 其它</p><h3 style="margin: 0px; padding: 0px; border: 0px; outline: 0px; font-size: 12px;">具体要求：</h3><p>名称：自动浇水阳台种菜盘<br/>1，分为可以组合的两层：<br/>1）储水盘和种植盘。储水盘在运输过程中有可以作为盖子保护植株在物流过程中安全；<br/>2）上下两层可以紧密咬合组合起来；<br/>2，储水盘有自动集水的功能，以期实现整个装置自动灌溉（有设计参考）；<br/>3，种植盘和储水盘都平均分为6格；<br/>4，尺寸<br/>1）储水盘（盖子）－60*40*25<br/>2）种植盘－60*40*15<br/>5，成本限制：<br/>储水盘＋种植盘加在一起生产成本不能超过10元。所以建议种植盘考虑泡沫板，储水盘考虑塑料材质；<br/>6，造型要求：简介大方，有观赏性，有工业感。<br/>7，各个种菜盘之间有“链接锁扣”可以相连。<br/>备注：用途是阳台种菜一次性耗材，定期更新。</p><p class="mt10" style="margin-top: 10px; margin-bottom: 0px; padding: 0px; border: 0px; outline: 0px; font-size: 12px; color: rgb(102, 102, 102); font-family: &#39;Helvetica Neue&#39;, Helvetica, Arial, sans-serif; white-space: normal; background-color: rgb(255, 255, 255);"><a target="_blank" href="http://rms.zhubajie.com/resource/redirect?key=homesite%2Ftask%2F1.jpg%2Forigine%2F1fcd57aa-e979-4107-a96c-f0d23e56abaa" style="margin: 0px; padding: 0px; border: 0px; outline: none; text-decoration: none; color: rgb(11, 115, 187); font-family: Arial, Helvetica, sans-serif, 宋体;"><img src="http://rms.zhubajie.com/resource/redirect?key=homesite%2Ftask%2F1.jpg%2Forigine%2F1fcd57aa-e979-4107-a96c-f0d23e56abaa&s.w=500&s.h=370" alt="阳台自动浇水种菜盘" style="margin: 0px; padding: 0px; border: 0px; outline: 0px; vertical-align: middle;"/></a></p><p class="mt10" style="margin-top: 10px; margin-bottom: 0px; padding: 0px; border: 0px; outline: 0px; font-size: 12px; color: rgb(102, 102, 102); font-family: &#39;Helvetica Neue&#39;, Helvetica, Arial, sans-serif; white-space: normal; background-color: rgb(255, 255, 255);"><a target="_blank" href="http://rms.zhubajie.com/resource/redirect?key=homesite%2Ftask%2F2.jpg%2Forigine%2F319a09b7-7fea-4b1b-9e7c-957fbcbf7150" style="margin: 0px; padding: 0px; border: 0px; outline: none; text-decoration: none; color: rgb(11, 115, 187); font-family: Arial, Helvetica, sans-serif, 宋体;"><img src="http://rms.zhubajie.com/resource/redirect?key=homesite%2Ftask%2F2.jpg%2Forigine%2F319a09b7-7fea-4b1b-9e7c-957fbcbf7150&s.w=500&s.h=370" alt="阳台自动浇水种菜盘" style="margin: 0px; padding: 0px; border: 0px; outline: 0px; vertical-align: middle;"/></a></p><p class="mt10" style="margin-top: 10px; margin-bottom: 0px; padding: 0px; border: 0px; outline: 0px; font-size: 12px; color: rgb(102, 102, 102); font-family: &#39;Helvetica Neue&#39;, Helvetica, Arial, sans-serif; white-space: normal; background-color: rgb(255, 255, 255);"><a target="_blank" href="http://rms.zhubajie.com/resource/redirect?key=homesite%2Ftask%2F3.jpg%2Forigine%2F9d7d2d53-3116-4fce-88a6-a997fa317482" style="margin: 0px; padding: 0px; border: 0px; outline: none; text-decoration: none; color: rgb(11, 115, 187); font-family: Arial, Helvetica, sans-serif, 宋体;"><img src="http://rms.zhubajie.com/resource/redirect?key=homesite%2Ftask%2F3.jpg%2Forigine%2F9d7d2d53-3116-4fce-88a6-a997fa317482&s.w=500&s.h=370" alt="阳台自动浇水种菜盘" style="margin: 0px; padding: 0px; border: 0px; outline: 0px; vertical-align: middle;"/></a></p><p class="mt10" style="margin-top: 10px; margin-bottom: 0px; padding: 0px; border: 0px; outline: 0px; font-size: 12px; color: rgb(102, 102, 102); font-family: &#39;Helvetica Neue&#39;, Helvetica, Arial, sans-serif; white-space: normal; background-color: rgb(255, 255, 255);"><a target="_blank" href="http://rms.zhubajie.com/resource/redirect?key=homesite%2Ftask%2F%E8%87%AA%E5%8A%A8%E6%B5%87%E8%8A%B1.jpg%2Forigine%2Fedd924b5-e51a-4b2b-8271-d1355e9b42ac" style="margin: 0px; padding: 0px; border: 0px; outline: none; text-decoration: none; color: rgb(11, 115, 187); font-family: Arial, Helvetica, sans-serif, 宋体;"><img src="http://rms.zhubajie.com/resource/redirect?key=homesite%2Ftask%2F%E8%87%AA%E5%8A%A8%E6%B5%87%E8%8A%B1.jpg%2Forigine%2Fedd924b5-e51a-4b2b-8271-d1355e9b42ac&s.w=500&s.h=370" alt="阳台自动浇水种菜盘" style="margin: 0px; padding: 0px; border: 0px; outline: 0px; vertical-align: middle;"/></a></p><p class="mt10" style="margin-top: 10px; margin-bottom: 0px; padding: 0px; border: 0px; outline: 0px; font-size: 12px; color: rgb(102, 102, 102); font-family: &#39;Helvetica Neue&#39;, Helvetica, Arial, sans-serif; white-space: normal; background-color: rgb(255, 255, 255);"><a target="_blank" href="http://rms.zhubajie.com/resource/redirect?key=homesite%2Ftask%2F%E5%8F%82%E8%80%83%E5%9B%BE.jpg%2Forigine%2F811afceb-c9f7-46d8-ad79-1eab8832d792" style="margin: 0px; padding: 0px; border: 0px; outline: none; text-decoration: none; color: rgb(11, 115, 187); font-family: Arial, Helvetica, sans-serif, 宋体;"><img src="http://rms.zhubajie.com/resource/redirect?key=homesite%2Ftask%2F%E5%8F%82%E8%80%83%E5%9B%BE.jpg%2Forigine%2F811afceb-c9f7-46d8-ad79-1eab8832d792&s.w=500&s.h=370" alt="阳台自动浇水种菜盘" style="margin: 0px; padding: 0px; border: 0px; outline: 0px; vertical-align: middle;"/></a></p><p><br/></p>', 1474872152, 1482706800, 1, 1),
(19, '根据设计好的网页，需要切成HTML+CSS', 9, 3, 0, 150, '<p class="task-extend-item task-extend-kuo" style="margin-top: 0px; margin-bottom: 20px; padding: 0px; border: 0px; outline: 0px; font-size: 12px; line-height: 25px; color: rgb(102, 102, 102); font-family: &#39;Helvetica Neue&#39;, Helvetica, Arial, sans-serif; white-space: normal; background-color: rgb(255, 255, 255);"><span style="margin: 0px; padding: 0px; border: 0px; outline: 0px; font-weight: bold;">设计内容</span>：<br/>整站&nbsp;</p><h3 style="margin: 0px; padding: 0px; border: 0px; outline: 0px; font-size: 12px;">具体要求：</h3><p class="demand-txt overflow height-none" style="margin-top: 0px; margin-bottom: 0px; padding: 0px; border: 0px; outline: 0px; width: 847px; overflow: hidden; height: auto;">我方有一套设计好的后台系统，需要你帮忙切成HTML+CSS，要求如下：<br/>1.代码要符合WEB规范并能兼容各大浏览器<br/>2.需要做成响应式，方便手机、平板浏览<br/>3.我方设计好的网页不是很美观，请适当优化调整。（注：如有调整需要告知）<br/>4.绍兴地区开发者优先，个人开发者优先</p><p class="mt10 task-extend-item" style="margin-top: 10px; margin-bottom: 20px; padding: 0px; border: 0px; outline: 0px; font-size: 12px; color: rgb(102, 102, 102); font-family: &#39;Helvetica Neue&#39;, Helvetica, Arial, sans-serif; white-space: normal; background-color: rgb(255, 255, 255);"><a rel="nofollow" target="_blank" href="http://rms.zhubajie.com/resource/redirect?key=homesite%2Ftask%2F%E8%B4%A2%E5%8A%A1.jpg%2Forigine%2F05844050-aa97-49e3-b906-45bacad262c9" style="margin: 0px; padding: 0px; border: 0px; outline: none; text-decoration: none; color: rgb(11, 115, 187); font-family: Arial, Helvetica, sans-serif, 宋体;"><img src="http://rms.zhubajie.com/resource/redirect?key=homesite%2Ftask%2F%E8%B4%A2%E5%8A%A1.jpg%2Forigine%2F05844050-aa97-49e3-b906-45bacad262c9&s.w=500&s.h=370" alt="根据设计好的网页，需要切成HTML+CSS" style="margin: 0px; padding: 0px; border: 0px; outline: 0px; vertical-align: middle;"/></a></p><p class="mt10 task-extend-item" style="margin-top: 10px; margin-bottom: 20px; padding: 0px; border: 0px; outline: 0px; font-size: 12px; color: rgb(102, 102, 102); font-family: &#39;Helvetica Neue&#39;, Helvetica, Arial, sans-serif; white-space: normal; background-color: rgb(255, 255, 255);"><a rel="nofollow" target="_blank" href="http://rms.zhubajie.com/resource/redirect?key=homesite%2Ftask%2F%E9%AA%8C%E8%AF%811.jpg%2Forigine%2F12bc0039-c013-4aa2-b5f2-83ec65b7ba70" style="margin: 0px; padding: 0px; border: 0px; outline: none; text-decoration: none; color: rgb(11, 115, 187); font-family: Arial, Helvetica, sans-serif, 宋体;"><img src="http://rms.zhubajie.com/resource/redirect?key=homesite%2Ftask%2F%E9%AA%8C%E8%AF%811.jpg%2Forigine%2F12bc0039-c013-4aa2-b5f2-83ec65b7ba70&s.w=500&s.h=370" alt="根据设计好的网页，需要切成HTML+CSS" style="margin: 0px; padding: 0px; border: 0px; outline: 0px; vertical-align: middle;"/></a></p><p class="mt10 task-extend-item" style="margin-top: 10px; margin-bottom: 20px; padding: 0px; border: 0px; outline: 0px; font-size: 12px; color: rgb(102, 102, 102); font-family: &#39;Helvetica Neue&#39;, Helvetica, Arial, sans-serif; white-space: normal; background-color: rgb(255, 255, 255);"><a rel="nofollow" target="_blank" href="http://rms.zhubajie.com/resource/redirect?key=homesite%2Ftask%2F%E9%97%A8%E5%BA%97%E6%95%B0%E6%8D%AE.jpg%2Forigine%2Fece5835c-d000-4202-8a64-6fb53028fa43" style="margin: 0px; padding: 0px; border: 0px; outline: none; text-decoration: none; color: rgb(11, 115, 187); font-family: Arial, Helvetica, sans-serif, 宋体;"><img src="http://rms.zhubajie.com/resource/redirect?key=homesite%2Ftask%2F%E9%97%A8%E5%BA%97%E6%95%B0%E6%8D%AE.jpg%2Forigine%2Fece5835c-d000-4202-8a64-6fb53028fa43&s.w=500&s.h=370" alt="根据设计好的网页，需要切成HTML+CSS" style="margin: 0px; padding: 0px; border: 0px; outline: 0px; vertical-align: middle;"/></a></p><p><br/></p>', 1474874858, 1482840800, 0, 1),
(20, '设计一款放在餐桌上的展示啤酒的水晶或压克力制品', 7, 3, 0, 5500, '<h3 style="margin: 0px; padding: 0px; border: 0px; outline: 0px; font-size: 12px;">具体要求：</h3><p>产品放在餐桌上，展示一瓶啤酒：啤酒的大小为68MM*270MM<br/>要求，简单大方，时尚高端<br/>下图为我们设计的不太满意，求高手<br/></p><p class="mt10" style="margin-top: 10px; margin-bottom: 0px; padding: 0px; border: 0px; outline: 0px; font-size: 12px; color: rgb(102, 102, 102); font-family: &#39;Helvetica Neue&#39;, Helvetica, Arial, sans-serif; white-space: normal; background-color: rgb(255, 255, 255);"><a target="_blank" href="http://rms.zhubajie.com/resource/redirect?key=homesite%2Ftask%2F%E6%9C%AA%E6%A0%87%E9%A2%98-1.jpg%2Forigine%2Fd1d2d3dd-18a0-4a22-bdbe-97962a6401a7" style="margin: 0px; padding: 0px; border: 0px; outline: none; text-decoration: none; color: rgb(11, 115, 187); font-family: Arial, Helvetica, sans-serif, 宋体;"><img src="http://rms.zhubajie.com/resource/redirect?key=homesite%2Ftask%2F%E6%9C%AA%E6%A0%87%E9%A2%98-1.jpg%2Forigine%2Fd1d2d3dd-18a0-4a22-bdbe-97962a6401a7&s.w=500&s.h=370" alt="设计一款放在餐桌上的展示啤酒的水晶或压克力制品" style="margin: 0px; padding: 0px; border: 0px; outline: 0px; vertical-align: middle;"/></a></p><p class="mt10" style="margin-top: 10px; margin-bottom: 0px; padding: 0px; border: 0px; outline: 0px; font-size: 12px; color: rgb(102, 102, 102); font-family: &#39;Helvetica Neue&#39;, Helvetica, Arial, sans-serif; white-space: normal; background-color: rgb(255, 255, 255);"><a target="_blank" href="http://rms.zhubajie.com/resource/redirect?key=homesite%2Ftask%2F%E6%95%88%E6%9E%9C%E5%9B%BE.jpg%2Forigine%2F0775cb59-cb17-4a6e-94b2-05afa1ffe6fd" style="margin: 0px; padding: 0px; border: 0px; outline: none; text-decoration: none; color: rgb(11, 115, 187); font-family: Arial, Helvetica, sans-serif, 宋体;"><img src="http://rms.zhubajie.com/resource/redirect?key=homesite%2Ftask%2F%E6%95%88%E6%9E%9C%E5%9B%BE.jpg%2Forigine%2F0775cb59-cb17-4a6e-94b2-05afa1ffe6fd&s.w=500&s.h=370" alt="设计一款放在餐桌上的展示啤酒的水晶或压克力制品" style="margin: 0px; padding: 0px; border: 0px; outline: 0px; vertical-align: middle;"/></a></p><p class="mt10" style="margin-top: 10px; margin-bottom: 0px; padding: 0px; border: 0px; outline: 0px; font-size: 12px; color: rgb(102, 102, 102); font-family: &#39;Helvetica Neue&#39;, Helvetica, Arial, sans-serif; white-space: normal; background-color: rgb(255, 255, 255);"><a target="_blank" href="http://rms.zhubajie.com/resource/redirect?key=homesite%2Ftask%2F%E6%B0%B4%E6%99%B6%E5%B1%95%E5%8F%B011.jpg%2Forigine%2F958653c5-32fd-4596-ade0-c7d2d2da5b02" style="margin: 0px; padding: 0px; border: 0px; outline: none; text-decoration: none; color: rgb(11, 115, 187); font-family: Arial, Helvetica, sans-serif, 宋体;"><img src="http://rms.zhubajie.com/resource/redirect?key=homesite%2Ftask%2F%E6%B0%B4%E6%99%B6%E5%B1%95%E5%8F%B011.jpg%2Forigine%2F958653c5-32fd-4596-ade0-c7d2d2da5b02&s.w=500&s.h=370" alt="设计一款放在餐桌上的展示啤酒的水晶或压克力制品" style="margin: 0px; padding: 0px; border: 0px; outline: 0px; vertical-align: middle;"/></a></p><p><br/></p>', 1474874990, 1488063600, 0, 1);

-- --------------------------------------------------------

--
-- 表的结构 `tasktype`
--

DROP TABLE IF EXISTS `tasktype`;
CREATE TABLE IF NOT EXISTS `tasktype` (
  `ID` int(10) unsigned NOT NULL AUTO_INCREMENT,
  `Name` varchar(50) DEFAULT NULL,
  PRIMARY KEY (`ID`)
) ENGINE=InnoDB  DEFAULT CHARSET=utf8 AUTO_INCREMENT=10 ;

--
-- 转存表中的数据 `tasktype`
--

INSERT INTO `tasktype` (`ID`, `Name`) VALUES
(1, 'LOGO设计'),
(2, '网站开发'),
(3, '软件开发'),
(4, '起名取名'),
(5, '文案写作'),
(6, '游戏开发'),
(7, '工业设计'),
(8, 'APP开发'),
(9, 'UI设计');

-- --------------------------------------------------------

--
-- 表的结构 `topup`
--

DROP TABLE IF EXISTS `topup`;
CREATE TABLE IF NOT EXISTS `topup` (
  `topUpID` int(10) unsigned NOT NULL AUTO_INCREMENT,
  `accID` int(11) NOT NULL,
  `topUpAmount` float NOT NULL,
  `topUpSubtime` int(11) NOT NULL,
  `topUpStatus` tinyint(4) NOT NULL,
  PRIMARY KEY (`topUpID`)
) ENGINE=InnoDB  DEFAULT CHARSET=utf8 AUTO_INCREMENT=7 ;

--
-- 转存表中的数据 `topup`
--

INSERT INTO `topup` (`topUpID`, `accID`, `topUpAmount`, `topUpSubtime`, `topUpStatus`) VALUES
(1, 5, 1000, 1474860049, 1),
(2, 5, 10000, 1474860127, 1),
(3, 5, 200, 1474860174, 1),
(4, 6, 20000, 1474861490, 1),
(5, 2, 30000, 1474862627, 1),
(6, 3, 20000, 1474874543, 1);

-- --------------------------------------------------------

--
-- 表的结构 `user`
--

DROP TABLE IF EXISTS `user`;
CREATE TABLE IF NOT EXISTS `user` (
  `ID` int(10) unsigned NOT NULL AUTO_INCREMENT,
  `Username` varchar(50) NOT NULL,
  `Password` varchar(50) NOT NULL,
  `Realname` varchar(50) DEFAULT NULL,
  `Regtime` int(11) NOT NULL,
  `Email` varchar(40) DEFAULT NULL,
  `Mobilephone` varchar(20) DEFAULT NULL,
  `QQ` varchar(20) DEFAULT NULL,
  `admin` tinyint(4) NOT NULL,
  `repasstime` int(11) DEFAULT NULL,
  PRIMARY KEY (`ID`)
) ENGINE=InnoDB  DEFAULT CHARSET=utf8 AUTO_INCREMENT=7 ;

--
-- 转存表中的数据 `user`
--

INSERT INTO `user` (`ID`, `Username`, `Password`, `Realname`, `Regtime`, `Email`, `Mobilephone`, `QQ`, `admin`, `repasstime`) VALUES
(1, 'admin', '202cb962ac59075b964b07152d234b70', '管理员', 1474858986, 'xingxiongfei@foxmail.com', NULL, NULL, 1, NULL),
(2, 'user1', '202cb962ac59075b964b07152d234b70', '', 1474859054, 'xingxiong.fei@163.com', '', '', 0, NULL),
(3, 'user2', '202cb962ac59075b964b07152d234b70', '张三', 1474859083, '781465774@qq.com', '', '', 0, NULL),
(4, 'user3', '202cb962ac59075b964b07152d234b70', '', 1474859139, '2864245246@qq.com', '', '', 0, NULL),
(5, 'user4', '202cb962ac59075b964b07152d234b70', '', 1474859171, 'xingxiongfei@sina.com', '', '', 0, NULL),
(6, 'feifei', '202cb962ac59075b964b07152d234b70', '', 1474861370, 'aaa@qq.com', '', '', 0, NULL);

-- --------------------------------------------------------

--
-- 表的结构 `withdrawel`
--

DROP TABLE IF EXISTS `withdrawel`;
CREATE TABLE IF NOT EXISTS `withdrawel` (
  `withdrawelID` int(10) unsigned NOT NULL AUTO_INCREMENT,
  `accID` int(11) NOT NULL,
  `withdrawelAmount` float NOT NULL,
  `withdrawelSubtime` int(11) NOT NULL,
  `withdrawelStatus` tinyint(4) NOT NULL,
  PRIMARY KEY (`withdrawelID`)
) ENGINE=InnoDB  DEFAULT CHARSET=utf8 AUTO_INCREMENT=2 ;

--
-- 转存表中的数据 `withdrawel`
--

INSERT INTO `withdrawel` (`withdrawelID`, `accID`, `withdrawelAmount`, `withdrawelSubtime`, `withdrawelStatus`) VALUES
(1, 5, 100, 1474860058, 1);

-- --------------------------------------------------------

--
-- 表的结构 `work`
--

DROP TABLE IF EXISTS `work`;
CREATE TABLE IF NOT EXISTS `work` (
  `ID` int(10) unsigned NOT NULL AUTO_INCREMENT,
  `TaskID` int(11) NOT NULL,
  `UserID` int(11) NOT NULL,
  `Descript` text NOT NULL,
  `PubTime` int(11) NOT NULL,
  `Status` int(11) NOT NULL,
  PRIMARY KEY (`ID`)
) ENGINE=InnoDB  DEFAULT CHARSET=utf8 AUTO_INCREMENT=4 ;

--
-- 转存表中的数据 `work`
--

INSERT INTO `work` (`ID`, `TaskID`, `UserID`, `Descript`, `PubTime`, `Status`) VALUES
(1, 13, 2, '<p>任务已完成，请下载附件<br/></p><p style="line-height: 16px;"><img style="vertical-align: middle; margin-right: 2px;" src="http://127.0.0.1/public/ueditor/dialogs/attachment/fileTypeImages/icon_rar.gif"/><a style="font-size:12px; color:#0066cc;" href="/ueditor/php/upload/file/20160926/1474872452926345.zip" title="游戏开发.zip">游戏开发.zip</a></p><p><br/></p>', 1474872461, 0),
(2, 7, 2, '<p>魏宝宝<br/></p>', 1474872769, 0),
(3, 18, 3, '<p class="orange f14 mt10" style="margin-top: 10px; margin-bottom: 0px; padding: 0px; border: 0px; outline: 0px; font-size: 14px; color: rgb(255, 102, 0); font-family: &#39;Helvetica Neue&#39;, Helvetica, Arial, sans-serif; white-space: normal; background-color: rgb(255, 255, 255);"><br/></p><p class="bidc" style="margin-top: 0px; margin-bottom: 0px; padding: 0px; border: 0px; outline: 0px; font-size: 12px; min-height: 46px; color: rgb(51, 51, 51); font-family: &#39;Helvetica Neue&#39;, Helvetica, Arial, sans-serif; line-height: 18px; white-space: normal; height: auto !important; background-color: rgb(255, 255, 255);">您好，看你设计说明和图片里是两种尺寸，我根据我的理解做了图。<br/>1，图1分离式花盆，生长盒是嵌入到种植盘里面去的，可自由拆卸，，种植盘和储水盒上下都可以扣住。<br/>2，图2一体式花盆，这个省去了生长盒，直接在种植盘里面生长，下面防止海绵 棉布等吸水物件。<br/>3，生长盒结构，你上传的图片有个拉开结构，不知道是不是这样的，下面放布条，这样可以一直吸收储水盒里面的水分。<br/><br/>这是我现有的理解及设计，可以联系我提供更明确的需求，我将进行修改或重新设计。</p><p class="mt5 zhupin reward-comment" style="margin-bottom: 0px; padding: 0px; border: 0px; outline: 0px; font-size: 12px; position: relative; color: rgb(51, 51, 51); font-family: &#39;Helvetica Neue&#39;, Helvetica, Arial, sans-serif; line-height: 18px; white-space: normal; background-color: rgb(255, 255, 255);"><a target="_blank" style="margin: 0px; padding: 0px; border: 0px; outline: 0px; color: rgb(11, 115, 187);"><img class="j_lazy" src="http://rms.zhubajie.com/resource/redirect?key=homesite%2Ftask%2F%E7%A7%8D%E8%8F%9C%E7%9B%86pd1.jpg%2Forigine%2F9550f78e-6c04-425d-a006-658256ebd5a3&s.w=500&s.h=370&a.quality=100&s.format=webp" data-original="http://rms.zhubajie.com/resource/redirect?key=homesite%2Ftask%2F%E7%A7%8D%E8%8F%9C%E7%9B%86pd1.jpg%2Forigine%2F9550f78e-6c04-425d-a006-658256ebd5a3&amp;s.w=500&amp;s.h=370&amp;a.quality=100&amp;s.format=webp" alt="阳台自动浇水种菜盘\r\n                    雨哲设计 投标-猪八戒网" style="margin: 0px; padding: 0px; border: 0px; outline: 0px; vertical-align: middle; cursor: pointer; display: inline;"/></a></p><p class="mt5 zhupin reward-comment" style="margin-bottom: 0px; padding: 0px; border: 0px; outline: 0px; font-size: 12px; position: relative; color: rgb(51, 51, 51); font-family: &#39;Helvetica Neue&#39;, Helvetica, Arial, sans-serif; line-height: 18px; white-space: normal; background-color: rgb(255, 255, 255);"><a target="_blank" style="margin: 0px; padding: 0px; border: 0px; outline: 0px; color: rgb(11, 115, 187);"><img class="j_lazy" src="http://rms.zhubajie.com/resource/redirect?key=homesite%2Ftask%2F%E7%A7%8D%E8%8F%9C%E7%9B%86pd2.jpg%2Forigine%2F8cb444fa-9b41-49f0-af31-ab3dbf0e6c55&s.w=500&s.h=370&a.quality=100&s.format=webp" data-original="http://rms.zhubajie.com/resource/redirect?key=homesite%2Ftask%2F%E7%A7%8D%E8%8F%9C%E7%9B%86pd2.jpg%2Forigine%2F8cb444fa-9b41-49f0-af31-ab3dbf0e6c55&amp;s.w=500&amp;s.h=370&amp;a.quality=100&amp;s.format=webp" alt="阳台自动浇水种菜盘\r\n                    雨哲设计 投标-猪八戒网" style="margin: 0px; padding: 0px; border: 0px; outline: 0px; vertical-align: middle; cursor: pointer; display: inline;"/></a></p><p class="mt5 zhupin reward-comment" style="margin-bottom: 0px; padding: 0px; border: 0px; outline: 0px; font-size: 12px; position: relative; color: rgb(51, 51, 51); font-family: &#39;Helvetica Neue&#39;, Helvetica, Arial, sans-serif; line-height: 18px; white-space: normal; background-color: rgb(255, 255, 255);"><a target="_blank" style="margin: 0px; padding: 0px; border: 0px; outline: 0px; color: rgb(11, 115, 187);"><img class="j_lazy" src="http://rms.zhubajie.com/resource/redirect?key=homesite%2Ftask%2F%E7%A7%8D%E8%8F%9C%E7%9B%86pd3.jpg%2Forigine%2F9274aba8-77c3-446d-a113-c5f53d4f9626&s.w=500&s.h=370&a.quality=100&s.format=webp" data-original="http://rms.zhubajie.com/resource/redirect?key=homesite%2Ftask%2F%E7%A7%8D%E8%8F%9C%E7%9B%86pd3.jpg%2Forigine%2F9274aba8-77c3-446d-a113-c5f53d4f9626&amp;s.w=500&amp;s.h=370&amp;a.quality=100&amp;s.format=webp" alt="阳台自动浇水种菜盘\r\n                    雨哲设计 投标-猪八戒网" style="margin: 0px; padding: 0px; border: 0px; outline: 0px; vertical-align: middle; cursor: pointer; display: inline;"/></a></p><p><br/></p>', 1474874751, 0);

/*!40101 SET CHARACTER_SET_CLIENT=@OLD_CHARACTER_SET_CLIENT */;
/*!40101 SET CHARACTER_SET_RESULTS=@OLD_CHARACTER_SET_RESULTS */;
/*!40101 SET COLLATION_CONNECTION=@OLD_COLLATION_CONNECTION */;
